"momento","bairro","faixa_idade","estuda","sentimentos","afeta_vida","avontade_opinar","confia_eleitos","afasta","ja_participou","onde_discute","sabia_participar","criado_em"
"inicio","Outro bairro","18+","","","","","","","nunca","","","2026-06-18T10:40:01.385892+00:00"
"inicio","Parque Oziel","12–13","escola pública","não é pra mim","3","3","3","é tudo corrupto","nunca","TikTok / Insta","sabia mas nunca fui","2026-06-16T13:03:28.658387+00:00"
"inicio","Outro bairro","18+","não estudo agora","vontade de mudar algo","5","4","3","nada me afasta","às vezes","WhatsApp da família; TikTok / Insta","sabia mas nunca fui","2026-06-08T18:08:49.797288+00:00"
"inicio","Campo Grande","16–17","escola pública","não é pra mim","5","5","1","é tudo corrupto; não muda nada; ninguém escuta jovem","nunca","escola; não discuto; TikTok / Insta","não sabia que dava","2026-06-16T01:16:16.374254+00:00"
"inicio","Parque Oziel","16–17","escola pública","curiosidade; medo de falar errado","3","2","2","não entendo do assunto; medo de me expor; não muda nada","nunca","não discuto; TikTok / Insta","não sabia que dava","2026-06-15T23:28:02.324816+00:00"
"inicio","Parque Oziel","16–17","escola pública","curiosidade","1","5","2","não tenho tempo","uma vez","escola","sabia mas nunca fui","2026-06-15T23:44:36.126811+00:00"
"inicio","Parque Oziel","14–15","escola particular","não é pra mim","3","3","3","é tudo corrupto","às vezes","TikTok / Insta","sabia mas nunca fui","2026-06-16T11:59:49.769093+00:00"
"inicio","Parque Oziel","18+","curso técnico","vontade de mudar algo","4","4","1","medo de me expor","às vezes","não discuto","não sabia que dava","2026-06-16T12:52:03.149063+00:00"
"inicio","Parque Oziel","18+","não estudo agora","não é pra mim","4","1","4","não muda nada","sempre que dá","igreja","sabia e já fui","2026-06-16T12:55:24.45699+00:00"
"inicio","Parque Oziel","16–17","curso técnico","raiva / nojo; desânimo; vontade de mudar algo","5","4","1","é tudo corrupto; não muda nada; medo de me expor; ninguém escuta jovem","às vezes","WhatsApp da família; amigos","não sabia que dava","2026-06-16T13:15:02.595316+00:00"
"inicio","Jardim do Lago","12–13","escola pública","curiosidade","5","5","3","nada me afasta","às vezes","escola","sabia mas nunca fui","2026-06-25T00:18:23.024576+00:00"
"inicio","Parque Oziel","12–13","escola pública","curiosidade","2","3","3","não entendo do assunto","às vezes","escola; amigos","não sabia que dava","2026-06-25T01:24:54.695353+00:00"
"inicio","Gleba B","12–13","escola pública","não é pra mim","1","1","3","não muda nada","nunca","não discuto","não sabia que dava","2026-06-25T01:36:23.311849+00:00"
"inicio","Jardim Monte Cristo","12–13","escola pública","vontade de mudar algo","1","2","3","não muda nada","nunca","TikTok / Insta","sabia mas nunca fui","2026-06-25T01:38:36.788416+00:00"
"inicio","Jardim Monte Cristo","14–15","escola pública","não é pra mim","2","1","1","não entendo do assunto","nunca","não discuto","não sabia que dava","2026-06-25T01:40:45.442548+00:00"
"inicio","Jardim Monte Cristo","12–13","escola pública","vontade de mudar algo","2","1","1","nada me afasta","nunca","não discuto","não sabia que dava","2026-06-25T01:43:57.048074+00:00"
"inicio","Jardim Monte Cristo","12–13","escola pública","vontade de mudar algo","1","2","3","não muda nada","nunca","TikTok / Insta","sabia mas nunca fui","2026-06-25T01:46:38.336784+00:00"
"inicio","Jardim Monte Cristo","18+","não estudo agora","vontade de mudar algo","3","1","","não muda nada","sempre que dá","WhatsApp da família","não sabia que dava","2026-06-24T17:23:30.796958+00:00"
"inicio","Jardim Monte Cristo","14–15","","distante de mim","3","3","","não entendo do assunto","nunca","não discuto","não sabia que dava","2026-06-24T17:54:02.213054+00:00"
"inicio","Parque Oziel","12–13","escola pública","não é pra mim; curiosidade; medo de falar errado","1","1","1","não entendo do assunto","nunca","não discuto","não sabia que dava","2026-06-24T17:59:34.841777+00:00"
"inicio","Gleba B","12–13","escola pública","raiva / nojo; curiosidade","3","1","2","ninguém escuta jovem","nunca","WhatsApp da família; escola; amigos; na rua / bairro","não sabia que dava","2026-06-24T18:24:52.745122+00:00"
"inicio","Gleba B","12–13","escola pública","vontade de mudar algo","","5","1","é tudo corrupto","sempre que dá","amigos","sabia e já fui","2026-06-24T18:32:13.641058+00:00"
"inicio","Jardim Monte Cristo","12–13","escola pública","curiosidade","3","3","3","medo de me expor","nunca","TikTok / Insta","não sabia que dava","2026-06-24T18:41:03.379249+00:00"
"inicio","Jardim do Lago","12–13","escola pública","vontade de mudar algo","3","3","2","medo de me expor; ninguém escuta jovem","sempre que dá","amigos","sabia mas nunca fui","2026-06-24T18:49:18.544179+00:00"
"inicio","Campo Grande","14–15","escola pública","raiva / nojo; desânimo; vontade de mudar algo","5","1","1","é tudo corrupto; não muda nada","nunca","não discuto","não sabia que dava","2026-06-26T17:56:06.550927+00:00"
"inicio","Parque Oziel","16–17","escola pública","não é pra mim","1","1","1","nada me afasta; não muda nada","nunca","TikTok / Insta; amigos; na rua / bairro; não discuto","","2026-06-25T01:27:56.036694+00:00"
"inicio","Jardim Monte Cristo","16–17","escola pública","não é pra mim","1","1","3","não entendo do assunto","nunca","WhatsApp da família","não sabia que dava","2026-06-24T17:27:37.610991+00:00"
"inicio","Campo Grande","16–17","escola pública","não é pra mim; vontade de mudar algo; medo de falar errado","3","2","3","é tudo corrupto; ninguém escuta jovem","nunca","escola","não sabia que dava","2026-06-26T17:56:24.592476+00:00"
"inicio","Outro bairro","12–13","escola pública","distante de mim","3","","","","nunca","","","2026-06-24T18:38:03.443684+00:00"
"inicio","Gleba B","12–13","escola pública","vontade de mudar algo","3","4","1","","nunca","","","2026-06-24T18:47:31.947+00:00"
"inicio","Outro bairro","12–13","escola particular","curiosidade","5","5","3","","nunca","","","2026-06-24T18:43:31.30539+00:00"
"inicio","Gleba B","12–13","escola pública","vontade de mudar algo","5","1","1","é tudo corrupto","nunca","TikTok / Insta","sabia mas nunca fui","2026-06-24T17:56:50.809395+00:00"
"inicio","Campo Grande","16–17","escola pública","não é pra mim; raiva / nojo; distante de mim","3","1","1","não entendo do assunto; não muda nada","nunca","não discuto","não sabia que dava","2026-06-26T17:55:03.436846+00:00"
"inicio","Campo Grande","14–15","escola pública","não é pra mim; curiosidade","3","3","1","não entendo do assunto","nunca","não discuto","não sabia que dava","2026-06-26T17:55:11.865047+00:00"
"inicio","Campo Grande","16–17","escola pública","não é pra mim","1","3","3","não entendo do assunto; não muda nada","nunca","WhatsApp da família; não discuto","sabia mas nunca fui","2026-06-26T17:55:12.700961+00:00"
"inicio","Campo Grande","16–17","escola pública","não é pra mim","3","5","1","não entendo do assunto; é tudo corrupto","nunca","TikTok / Insta","sabia mas nunca fui","2026-06-26T17:55:16.860176+00:00"
"inicio","Outro bairro","16–17","escola pública","não é pra mim","3","2","2","não entendo do assunto; não tenho tempo; não muda nada","nunca","não discuto","não sabia que dava","2026-06-26T17:55:19.079513+00:00"
"inicio","Campo Grande","16–17","escola pública","curiosidade","5","3","4","não muda nada","nunca","TikTok / Insta; não discuto","não sabia que dava","2026-06-26T17:55:24.241723+00:00"
"inicio","Campo Grande","14–15","escola pública","vontade de mudar algo","4","5","1","é tudo corrupto; ninguém escuta jovem","às vezes","TikTok / Insta","sabia mas nunca fui","2026-06-26T17:56:32.327781+00:00"
"inicio","Campo Grande","16–17","escola pública","não é pra mim","1","1","3","não entendo do assunto","nunca","escola; amigos","sabia mas nunca fui","2026-06-26T17:56:39.694164+00:00"
"inicio","Campo Grande","16–17","escola pública","não é pra mim; distante de mim; medo de falar errado","5","2","2","não entendo do assunto","nunca","não discuto","sabia mas nunca fui","2026-06-26T17:56:48.367654+00:00"
"inicio","Campo Grande","16–17","escola pública","vontade de mudar algo; curiosidade","5","5","3","ninguém escuta jovem","nunca","escola; TikTok / Insta; amigos","sabia mas nunca fui","2026-06-26T17:57:29.983223+00:00"
"inicio","Campo Grande","16–17","escola pública","vontade de mudar algo","5","5","3","medo de me expor; ninguém escuta jovem","às vezes","amigos; escola; WhatsApp da família","não sabia que dava","2026-06-26T17:57:36.51896+00:00"
"inicio","Campo Grande","14–15","escola pública","curiosidade; vontade de mudar algo","4","1","1","é tudo corrupto; ninguém escuta jovem; medo de me expor; não muda nada","uma vez","amigos; escola","não sabia que dava","2026-06-26T17:57:37.096326+00:00"
"inicio","Outro bairro","16–17","escola pública","não é pra mim","1","4","3","não entendo do assunto; não muda nada","nunca","WhatsApp da família; não discuto; TikTok / Insta","não sabia que dava","2026-06-26T17:57:37.519583+00:00"
"inicio","Campo Grande","16–17","escola pública","não é pra mim; curiosidade","3","3","3","não tenho tempo","nunca","TikTok / Insta; na rua / bairro","sabia mas nunca fui","2026-06-26T17:57:45.499339+00:00"
"inicio","Outro bairro","14–15","escola pública","vontade de mudar algo","4","4","4","nada me afasta","nunca","não discuto","não sabia que dava","2026-06-26T17:57:46.143042+00:00"
"inicio","Campo Grande","16–17","escola pública","curiosidade; vontade de mudar algo","5","4","1","ninguém escuta jovem; é tudo corrupto","nunca","amigos; escola","não sabia que dava","2026-06-26T17:57:39.818078+00:00"
"inicio","Campo Grande","16–17","escola pública","distante de mim","4","4","3","não muda nada","nunca","TikTok / Insta","sabia mas nunca fui","2026-06-26T17:58:11.801696+00:00"
"inicio","Outro bairro","16–17","escola pública","desânimo","4","2","1","medo de me expor","nunca","escola","não sabia que dava","2026-06-26T17:58:28.505981+00:00"
"inicio","Outro bairro","16–17","escola pública","raiva / nojo","2","2","2","não muda nada","nunca","não discuto","não sabia que dava","2026-06-26T17:58:29.837367+00:00"
"inicio","Campo Grande","16–17","escola pública","raiva / nojo; não é pra mim; distante de mim","2","5","1","não entendo do assunto","nunca","não discuto","não sabia que dava","2026-06-26T17:58:44.325846+00:00"
"inicio","Outro bairro","14–15","escola pública","distante de mim","3","2","2","não entendo do assunto","uma vez","não discuto","sabia e já fui","2026-06-26T17:59:06.738327+00:00"
"inicio","Campo Grande","16–17","escola pública","raiva / nojo","1","5","1","é tudo corrupto; não muda nada; ninguém escuta jovem","nunca","TikTok / Insta; escola; amigos","sabia mas nunca fui","2026-06-26T17:59:18.038806+00:00"
"inicio","Campo Grande","18+","escola pública","curiosidade; vontade de mudar algo","5","4","2","ninguém escuta jovem; medo de me expor; não muda nada","uma vez","TikTok / Insta; amigos","não sabia que dava","2026-06-26T17:59:55.671489+00:00"
"fim_jogo","Outro bairro","16–17","","curiosidade; vontade de mudar algo","5","","","","sempre que dá","","","2026-06-26T18:00:15.817768+00:00"
"inicio","Campo Grande","14–15","escola pública","desânimo","2","3","1","não entendo do assunto","nunca","não discuto","não sabia que dava","2026-06-26T18:00:28.58027+00:00"
"inicio","Campo Grande","","escola pública","distante de mim; não é pra mim","3","2","2","não entendo do assunto","nunca","não discuto","não sabia que dava","2026-06-26T18:00:34.188768+00:00"
"inicio","Campo Grande","14–15","escola pública","medo de falar errado","4","2","1","é tudo corrupto","uma vez","amigos","sabia mas nunca fui","2026-06-26T18:00:57.367148+00:00"
"inicio","Campo Grande","18+","escola pública","curiosidade","4","4","2","não muda nada","às vezes","TikTok / Insta","sabia mas nunca fui","2026-06-26T18:02:11.998186+00:00"
"inicio","Outro bairro","16–17","escola pública","não é pra mim","1","1","1","é tudo corrupto","nunca","não discuto","sabia mas nunca fui","2026-06-26T18:03:16.971285+00:00"
"inicio","Outro bairro","16–17","escola pública","não é pra mim; vontade de mudar algo","1","2","1","não muda nada; ninguém escuta jovem","nunca","TikTok / Insta","sabia mas nunca fui","2026-06-26T18:05:22.236263+00:00"
"inicio","Outro bairro","14–15","escola pública","raiva / nojo; distante de mim","1","2","1","não muda nada","nunca","WhatsApp da família","não sabia que dava","2026-06-26T18:05:57.967349+00:00"
"inicio","Campo Grande","16–17","escola pública","não é pra mim","3","3","3","não tenho tempo","nunca","TikTok / Insta; na rua / bairro","sabia mas nunca fui","2026-06-26T18:06:22.168294+00:00"
"inicio","Campo Grande","16–17","escola pública","distante de mim","3","2","1","não entendo do assunto; é tudo corrupto; não muda nada; ninguém escuta jovem; medo de me expor","nunca","TikTok / Insta; amigos; na rua / bairro; escola","sabia mas nunca fui","2026-06-26T18:13:16.385865+00:00"
"inicio","Campo Grande","14–15","escola pública","distante de mim","1","2","1","não entendo do assunto","nunca","não discuto","não sabia que dava","2026-06-26T18:14:20.453249+00:00"
"inicio","Campo Grande","18+","escola pública","curiosidade","4","4","2","não muda nada","às vezes","TikTok / Insta","sabia mas nunca fui","2026-06-26T18:14:57.841922+00:00"
"inicio","Campo Grande","14–15","escola pública","medo de falar errado","5","1","1","não muda nada","às vezes","escola","não sabia que dava","2026-06-26T18:33:07.514412+00:00"
"fim_jogo","Campo Grande","14–15","","curiosidade","5","","","","às vezes","","","2026-06-26T18:34:51.838197+00:00"
"inicio","Outro bairro","16–17","escola pública","desânimo","2","2","2","não muda nada","nunca","não discuto","não sabia que dava","2026-06-26T18:37:42.464389+00:00"
"fim_jogo","Campo Grande","16–17","","curiosidade; vontade de mudar algo","5","","","","nunca","","","2026-06-26T18:49:07.87707+00:00"
"inicio","Campo Grande","16–17","escola pública","curiosidade; vontade de mudar algo","5","5","3","ninguém escuta jovem","nunca","TikTok / Insta; escola; amigos","sabia mas nunca fui","2026-06-26T18:57:08.518135+00:00"
"inicio","Campo Grande","16–17","escola pública","medo de falar errado","3","5","1","não entendo do assunto","nunca","TikTok / Insta; na rua / bairro","sabia mas nunca fui","2026-06-26T18:58:39.515147+00:00"
"inicio","","","","","","","","","","","","2026-06-26T23:04:39.99433+00:00"
"inicio","Outro bairro","18+","escola pública","curiosidade","3","3","2","ninguém escuta jovem","nunca","TikTok / Insta","não sabia que dava","2026-06-30T15:05:58.151738+00:00"
"inicio","Campo Grande","18+","escola pública","distante de mim","3","1","3","medo de me expor","nunca","TikTok / Insta","não sabia que dava","2026-06-30T15:05:58.151738+00:00"
"inicio","Campo Grande","18+","escola pública","não é pra mim","4","1","3","não entendo do assunto","nunca","não discuto","não sabia que dava","2026-06-30T15:05:58.151738+00:00"
"inicio","Campo Grande","16–17","escola pública","não é pra mim","4","1","5","não muda nada","uma vez","TikTok / Insta","não sabia que dava","2026-06-30T15:05:58.151738+00:00"
"inicio","Campo Grande","16–17","escola pública","não é pra mim; medo de falar errado","5","2","1","não entendo do assunto; é tudo corrupto; nada me afasta","às vezes","WhatsApp da família; escola; amigos; na rua / bairro","sabia mas nunca fui","2026-06-30T15:05:58.151738+00:00"
"inicio","Campo Grande","14–15","escola pública","distante de mim","4","2","2","não entendo do assunto; ninguém escuta jovem","uma vez","amigos","não sabia que dava","2026-06-30T15:05:58.151738+00:00"
"inicio","Campo Grande","14–15","escola pública","distante de mim","3","5","1","não muda nada","nunca","não discuto","não sabia que dava","2026-06-30T15:05:58.151738+00:00"
"inicio","Outro bairro","16–17","escola pública","curiosidade; vontade de mudar algo","5","5","2","ninguém escuta jovem; não tenho tempo","nunca","TikTok / Insta; escola; amigos; na rua / bairro","sabia mas nunca fui","2026-06-30T15:05:58.151738+00:00"
"inicio","Campo Grande","16–17","escola pública","não é pra mim; medo de falar errado","4","1","2","é tudo corrupto; não muda nada; medo de me expor","nunca","TikTok / Insta; amigos","sabia mas nunca fui","2026-06-30T15:05:58.151738+00:00"
"inicio","Outro bairro","16–17","escola pública","não é pra mim","3","2","2","não entendo do assunto","nunca","não discuto","não sabia que dava","2026-06-30T15:05:58.151738+00:00"
"inicio","Outro bairro","16–17","escola pública","distante de mim","5","3","2","não entendo do assunto","nunca","amigos","sabia mas nunca fui","2026-06-30T15:05:58.151738+00:00"
"inicio","Outro bairro","16–17","escola pública","curiosidade","3","2","2","não entendo do assunto","nunca","não discuto","não sabia que dava","2026-06-30T15:05:58.151738+00:00"
